0,4.002072187
0.001,4.002405082
0.002,4.002493502
0.003,4.002666675
0.004,4.002988364
0.005,4.003233494
0.006,4.003268018
0.007,4.003444413
0.008,4.003659407
0.009,4.003850283
0.01,4.003823716
0.011,4.003943804
0.012,4.004015047
0.013,4.004029661
0.014,4.00390942
0.015,4.003957094
0.016,4.003656433
0.017,4.00346293
0.018,4.00326507
0.019,4.003327868
0.02,4.00337799
0.021,4.003329037
0.022,4.00295019
0.023,4.00271011
0.024,4.002480671
0.025,4.002400533
0.026,4.002173143
0.027,4.001866421
0.028,4.001599315
0.029,4.001290161
0.03,4.001234088
0.031,4.000911281
0.032,4.000574618
0.033,4.000150026
0.034,3.999650148
0.035,3.99932321
0.036,3.998853561
0.037,3.998316831
0.038,3.998033326
0.039,3.997580107
0.04,3.997070477
0.041,3.996629936
0.042,3.996045953
0.043,3.995566061
0.044,3.995180055
0.045,3.994748237
0.046,3.994314175
0.047,3.993708042
0.048,3.993290831
0.049,3.992671626
0.05,3.992113697
0.051,3.991454467
0.052,3.990944991
0.053,3.990576705
0.054,3.989876455
0.055,3.989300417
0.056,3.988621988
0.057,3.987979685
0.058,3.9872923
0.059,3.986633411
0.06,3.98621862
0.061,3.985652459
0.062,3.984965769
0.063,3.984263843
0.064,3.983754636
0.065,3.982865455
0.066,3.982208861
0.067,3.981475861
0.068,3.98081978
0.069,3.979933289
0.07,3.979023529
0.071,3.978398026
0.072,3.977752749
0.073,3.976878315
0.074,3.976237197
0.075,3.975451545
0.076,3.974497874
0.077,3.973642621
0.078,3.972585529
0.079,3.971853691
0.08,3.971052243
0.081,3.969870302
0.082,3.968893583
0.083,3.96797515
0.084,3.966870898
0.085,3.965980095
0.086,3.964877687
0.087,3.964057417
0.088,3.962926334
0.089,3.961828369
0.09,3.960901037
0.091,3.959782081
0.092,3.958612342
0.093,3.957409177
0.094,3.956368224
0.095,3.955178166
0.096,3.953919264
0.097,3.95269404
0.098,3.951523661
0.099,3.950088471
0.1,3.948846622
0.101,3.947688726
0.102,3.946419836
0.103,3.945217548
0.104,3.943980072
0.105,3.942652725
0.106,3.941358866
0.107,3.939740229
0.108,3.938733348
0.109,3.937384932
0.11,3.936004702
0.111,3.934649703
0.112,3.933543061
0.113,3.932304607
0.114,3.930911252
0.115,3.929572613
0.116,3.928172075
0.117,3.926814535
0.118,3.925470096
0.119,3.924152278
0.12,3.92264591
0.121,3.921122828
0.122,3.919607919
0.123,3.918206464
0.124,3.916912448
0.125,3.915358899
0.126,3.913738758
0.127,3.912215395
0.128,3.910639423
0.129,3.909079651
0.13,3.907408281
0.131,3.905672084
0.132,3.904083518
0.133,3.902416994
0.134,3.900628618
0.135,3.898835095
0.136,3.897099954
0.137,3.895281002
0.138,3.893603751
0.139,3.891716814
0.14,3.889904907
0.141,3.887880264
0.142,3.886176134
0.143,3.884330813
0.144,3.882418024
0.145,3.880369873
0.146,3.878501873
0.147,3.876708807
0.148,3.874994763
0.149,3.873073824
0.15,3.871023935
0.151,3.869028434
0.152,3.867211299
0.153,3.865195365
0.154,3.86304119
0.155,3.861333781
0.156,3.859282738
0.157,3.857461782
0.158,3.855613707
0.159,3.853689643
0.16,3.851919933
0.161,3.849986077
0.162,3.848166545
0.163,3.846174836
0.164,3.844355449
0.165,3.842435816
0.166,3.840506105
0.167,3.838627508
0.168,3.836785701
0.169,3.834860792
0.17,3.832999379
0.171,3.831224464
0.172,3.829190308
0.173,3.827088825
0.174,3.824888144
0.175,3.822904081
0.176,3.820900906
0.177,3.818823596
0.178,3.816789895
0.179,3.814923437
0.18,3.81288436
0.181,3.81089806
0.182,3.808819096
0.183,3.806526419
0.184,3.804394165
0.185,3.802221761
0.186,3.800031081
0.187,3.798202132
0.188,3.796023942
0.189,3.793892157
0.19,3.791642892
0.191,3.789493962
0.192,3.787454093
0.193,3.785228048
0.194,3.783016703
0.195,3.780832447
0.196,3.778818351
0.197,3.776788899
0.198,3.774408559
0.199,3.772329597
0.2,3.770066114
0.201,3.767860265
0.202,3.765509614
0.203,3.763322768
0.204,3.760779232
0.205,3.75860141
0.206,3.756618596
0.207,3.754346898
0.208,3.752019236
0.209,3.750066773
0.21,3.747934364
0.211,3.745742893
0.212,3.743561738
0.213,3.741374514
0.214,3.739191676
0.215,3.736844361
0.216,3.734793028
0.217,3.732654913
0.218,3.730497202
0.219,3.728298882
0.22,3.726356959
0.221,3.7243092
0.222,3.72207323
0.223,3.720047892
0.224,3.717787662
0.225,3.715544889
0.226,3.713019085
0.227,3.71066309
0.228,3.708160771
0.229,3.705671145
0.23,3.703114547
0.231,3.700662856
0.232,3.698215701
0.233,3.695768897
0.234,3.693039959
0.235,3.690280011
0.236,3.688008558
0.237,3.685367581
0.238,3.682731549
0.239,3.680132088
0.24,3.677637405
0.241,3.675065801
0.242,3.672617931
0.243,3.669925337
0.244,3.667653281
0.245,3.665294804
0.246,3.662876737
0.247,3.660522503
0.248,3.658221495
0.249,3.655932048
0.25,3.65338818
0.251,3.650815734
0.252,3.64861843
0.253,3.64620133
0.254,3.643689535
0.255,3.641247309
0.256,3.638720665
0.257,3.636155604
0.258,3.633728336
0.259,3.631031974
0.26,3.628569631
0.261,3.625866905
0.262,3.623255563
0.263,3.620940998
0.264,3.618868891
0.265,3.616336819
0.266,3.614246346
0.267,3.611911665
0.268,3.609849325
0.269,3.60770961
0.27,3.605545921
0.271,3.603547227
0.272,3.6014654
0.273,3.59937454
0.274,3.59714605
0.275,3.595406573
0.276,3.593512634
0.277,3.591400745
0.278,3.589475408
0.279,3.5876131
0.28,3.585748369
0.281,3.58345525
0.282,3.581132718
0.283,3.578999528
0.284,3.576603251
0.285,3.574442678
0.286,3.572258176
0.287,3.569730476
0.288,3.567408346
0.289,3.565133704
0.29,3.56268594
0.291,3.560395699
0.292,3.557938608
0.293,3.555396334
0.294,3.553019444
0.295,3.550666673
0.296,3.548166596
0.297,3.545956921
0.298,3.543784647
0.299,3.541554885
0.3,3.539341149
0.301,3.536894538
0.302,3.534635139
0.303,3.532435722
0.304,3.530248907
0.305,3.527779278
0.306,3.525585922
0.307,3.523514707
0.308,3.521241102
0.309,3.518874162
0.31,3.516670791
0.311,3.514423079
0.312,3.512002237
0.313,3.509529999
0.314,3.507273596
0.315,3.504720809
0.316,3.502401423
0.317,3.499984832
0.318,3.497677684
0.319,3.495200745
0.32,3.493136953
0.321,3.490533318
0.322,3.488113645
0.323,3.485863067
0.324,3.483494213
0.325,3.481178865
0.326,3.479012479
0.327,3.476918482
0.328,3.474929864
0.329,3.472594405
0.33,3.470463564
0.331,3.468423006
0.332,3.466307478
0.333,3.464420077
0.334,3.462662009
0.335,3.460801671
0.336,3.458889182
0.337,3.456659739
0.338,3.454558558
0.339,3.452642594
0.34,3.450735939
0.341,3.448553595
0.342,3.446637748
0.343,3.444392957
0.344,3.4423776
0.345,3.440099339
0.346,3.437859321
0.347,3.43581128
0.348,3.433724525
0.349,3.431566
0.35,3.429281691
0.351,3.427068254
0.352,3.424989922
0.353,3.422814116
0.354,3.420406669
0.355,3.41828908
0.356,3.416136475
0.357,3.413847247
0.358,3.411718065
0.359,3.409563994
0.36,3.407162358
0.361,3.404974134
0.362,3.402522836
0.363,3.40016732
0.364,3.398148547
0.365,3.395758979
0.366,3.393643578
0.367,3.391207689
0.368,3.388763037
0.369,3.386419189
0.37,3.384029872
0.371,3.381607215
0.372,3.379137546
0.373,3.37674802
0.374,3.374288886
0.375,3.371804644
0.376,3.369457758
0.377,3.36702497
0.378,3.364535812
0.379,3.362331311
0.38,3.36001386
0.381,3.357754932
0.382,3.355597619
0.383,3.3534106
0.384,3.3511797
0.385,3.34916464
0.386,3.346954287
0.387,3.344698724
0.388,3.342770361
0.389,3.340745095
0.39,3.338885565
0.391,3.336949561
0.392,3.334850352
0.393,3.332651189
0.394,3.330783575
0.395,3.328723972
0.396,3.326714609
0.397,3.324588046
0.398,3.32247162
0.399,3.320494015
0.4,3.318620192
0.401,3.316561932
0.402,3.314571109
0.403,3.312714092
0.404,3.310800026
0.405,3.308900778
0.406,3.307014921
0.407,3.305160449
0.408,3.303245168
0.409,3.301329298
0.41,3.299656044
0.411,3.297801347
0.412,3.296018304
0.413,3.294214547
0.414,3.292418281
0.415,3.290785427
0.416,3.288935085
0.417,3.287117612
0.418,3.285405451
0.419,3.283726171
0.42,3.282088968
0.421,3.280525369
0.422,3.278747556
0.423,3.277074822
0.424,3.27565004
0.425,3.274187662
0.426,3.272713851
0.427,3.271082844
0.428,3.26970509
0.429,3.26818111
0.43,3.266762717
0.431,3.265284654
0.432,3.263801534
0.433,3.262424989
0.434,3.261035761
0.435,3.259632245
0.436,3.258604939
0.437,3.25746599
0.438,3.256391226
0.439,3.25527013
0.44,3.254448779
0.441,3.25341499
0.442,3.252567312
0.443,3.251670899
0.444,3.250934303
0.445,3.250259246
0.446,3.249624707
0.447,3.248904118
0.448,3.248147564
0.449,3.2473195
0.45,3.246614187
0.451,3.246017995
0.452,3.245516101
0.453,3.245038752
0.454,3.244481583
0.455,3.244034746
0.456,3.243660895
0.457,3.243134334
0.458,3.242518072
0.459,3.241970513
0.46,3.2416292
0.461,3.241304774
0.462,3.24072251
0.463,3.240102578
0.464,3.239653585
0.465,3.23920932
0.466,3.238622136
0.467,3.238214013
0.468,3.237886759
0.469,3.23729505
0.47,3.237033309
0.471,3.236519389
0.472,3.236089834
0.473,3.235585077
0.474,3.23531904
0.475,3.234974711
0.476,3.23443707
0.477,3.234096032
0.478,3.233566103
0.479,3.232967049
0.48,3.232515489
0.481,3.232071846
0.482,3.231757028
0.483,3.231275293
0.484,3.230943949
0.485,3.23059963
0.486,3.230318624
0.487,3.229783655
0.488,3.229323936
0.489,3.228785791
0.49,3.228230083
0.491,3.227809991
0.492,3.227273109
0.493,3.226883645
0.494,3.226513184
0.495,3.226175101
0.496,3.225810708
0.497,3.225313724
0.498,3.22487332
0.499,3.224368286
0.5,3.223903276
0.501,3.223528057
0.502,3.223172796
0.503,3.222914338
0.504,3.222665175
0.505,3.2221974
0.506,3.221607577
0.507,3.221226326
0.508,3.220799551
0.509,3.220328794
0.51,3.219960124
0.511,3.219444138
0.512,3.218849281
0.513,3.21843923
0.514,3.217916783
0.515,3.217399357
0.516,3.216822014
0.517,3.216405622
0.518,3.215829657
0.519,3.215251967
0.52,3.214864642
0.521,3.214202505
0.522,3.213637265
0.523,3.213081745
0.524,3.212549392
0.525,3.212033314
0.526,3.211469825
0.527,3.210945716
0.528,3.210493898
0.529,3.20999484
0.53,3.209480421
0.531,3.209159842
0.532,3.208594709
0.533,3.20817567
0.534,3.207656951
0.535,3.206970646
0.536,3.206484973
0.537,3.205846099
0.538,3.205282007
0.539,3.204889799
0.54,3.204336546
0.541,3.204097541
0.542,3.203518316
0.543,3.203078157
0.544,3.20275919
0.545,3.202398414
0.546,3.202034252
0.547,3.201534931
0.548,3.201173647
0.549,3.201013678
0.55,3.20063682
0.551,3.200435894
0.552,3.200134704
0.553,3.199848585
0.554,3.199807434
0.555,3.199404545
0.556,3.19936473
0.557,3.199274344
0.558,3.198926366
0.559,3.198896946
0.56,3.198735722
0.561,3.198724147
0.562,3.198726079
0.563,3.198704883
0.564,3.198748057
0.565,3.198787429
0.566,3.198947423
0.567,3.198993789
0.568,3.199125041
0.569,3.199222678
0.57,3.199076309
0.571,3.199098013
0.572,3.199324529
0.573,3.199296285
0.574,3.199134602
0.575,3.199092979
0.576,3.199437042
0.577,3.19952656
0.578,3.199861222
0.579,3.200440654
0.58,3.20063013
0.581,3.200828794
0.582,3.201265447
0.583,3.201609649
0.584,3.20196885
0.585,3.202283306
0.586,3.202541069
0.587,3.202718595
0.588,3.20315288
0.589,3.203430589
0.59,3.203797859
0.591,3.204156201
0.592,3.204616835
0.593,3.205202643
0.594,3.205772193
0.595,3.206531789
0.596,3.207049362
0.597,3.208009071
0.598,3.208629708
0.599,3.209497867
0.6,3.210557377
0.601,3.211669715
0.602,3.212843994
0.603,3.214097226
0.604,3.215326904
0.605,3.21669883
0.606,3.218159442
0.607,3.219716802
0.608,3.22146823
0.609,3.22336646
0.61,3.225351273
0.611,3.227716471
0.612,3.229923385
0.613,3.232669056
0.614,3.235434371
0.615,3.238359436
0.616,3.241383876
0.617,3.244674605
0.618,3.248310613
0.619,3.252419845
0.62,3.256258434
0.621,3.260560876
0.622,3.264607334
0.623,3.26905085
0.624,3.273753384
0.625,3.278442005
0.626,3.282824014
0.627,3.287486164
0.628,3.292420992
0.629,3.29715303
0.63,3.301858673
0.631,3.30659283
0.632,3.312347552
0.633,3.317494872
0.634,3.32292176
0.635,3.328444359
0.636,3.334081138
0.637,3.340091727
0.638,3.345962407
0.639,3.352102143
0.64,3.358820944
0.641,3.366119242
0.642,3.373081915
0.643,3.379910233
0.644,3.387499409
0.645,3.395348472
0.646,3.402724479
0.647,3.410277813
0.648,3.417433582
0.649,3.42446769
0.65,3.431574605
0.651,3.438671536
0.652,3.445933656
0.653,3.452585869
0.654,3.459300156
0.655,3.4667552
0.656,3.473753302
0.657,3.481483625
0.658,3.489282373
0.659,3.497678702
0.66,3.506154633
0.661,3.51440647
0.662,3.523083413
0.663,3.53200098
0.664,3.54153009
0.665,3.551107555
0.666,3.560429921
0.667,3.569846537
0.668,3.579910627
0.669,3.589905608
0.67,3.599368519
0.671,3.609314166
0.672,3.618418821
0.673,3.627978191
0.674,3.637916199
0.675,3.647460416
0.676,3.656985691
0.677,3.666539756
0.678,3.676022441
0.679,3.685553715
0.68,3.695899754
0.681,3.705627792
0.682,3.715953711
0.683,3.72621834
0.684,3.736738455
0.685,3.747529261
0.686,3.759010928
0.687,3.770548878
0.688,3.7818281
0.689,3.793803412
0.69,3.806433222
0.691,3.819405793
0.692,3.832407636
0.693,3.845791883
0.694,3.85835686
0.695,3.870965188
0.696,3.884123908
0.697,3.896631171
0.698,3.909742219
0.699,3.922090782
0.7,3.933847185
0.701,3.945655884
0.702,3.957389066
0.703,3.968035354
0.704,3.979876856
0.705,3.989830638
0.706,4.000577899
0.707,4.010985148
0.708,4.022082193
0.709,4.032645365
0.71,4.044118234
0.711,4.054689617
0.712,4.06602554
0.713,4.077750803
0.714,4.088931774
0.715,4.101258527
0.716,4.112762971
0.717,4.12377639
0.718,4.134832348
0.719,4.146133885
0.72,4.157378836
0.721,4.168243133
0.722,4.179338433
0.723,4.189756924
0.724,4.200974615
0.725,4.21214482
0.726,4.223208848
0.727,4.233939974
0.728,4.244196595
0.729,4.25477899
0.73,4.265561447
0.731,4.276098446
0.732,4.287767918
0.733,4.298514519
0.734,4.310328597
0.735,4.322445624
0.736,4.334938721
0.737,4.348198841
0.738,4.362108348
0.739,4.377888586
0.74,4.394033728
0.741,4.410977723
0.742,4.428494806
0.743,4.446058899
0.744,4.465155671
0.745,4.484889401
0.746,4.503968736
0.747,4.523161666
0.748,4.542307718
0.749,4.562766069
0.75,4.581707827
0.751,4.601464951
0.752,4.620494877
0.753,4.639401521
0.754,4.659392959
0.755,4.678463978
0.756,4.696881713
0.757,4.716749358
0.758,4.735020652
0.759,4.753893081
0.76,4.771848084
0.761,4.791121605
0.762,4.809056443
0.763,4.827759854
0.764,4.847019838
0.765,4.865913179
0.766,4.886620848
0.767,4.906019953
0.768,4.926333229
0.769,4.946066553
0.77,4.967030217
0.771,4.987987532
0.772,5.009186063
0.773,5.031173265
0.774,5.054098075
0.775,5.076442348
0.776,5.098120366
0.777,5.120205797
0.778,5.142611721
0.779,5.163380916
0.78,5.184190174
0.781,5.204250822
0.782,5.224633523
0.783,5.243991529
0.784,5.261732403
0.785,5.280803169
0.786,5.298435434
0.787,5.316381952
0.788,5.33423243
0.789,5.351815872
0.79,5.369200737
0.791,5.386341704
0.792,5.403947346
0.793,5.420296339
0.794,5.436427665
0.795,5.452141971
0.796,5.469124379
0.797,5.485789502
0.798,5.503079379
0.799,5.521081106
0.8,5.539073911
0.801,5.556048091
0.802,5.573356073
0.803,5.590474831
0.804,5.607529575
0.805,5.624565023
0.806,5.641476084
0.807,5.658017328
0.808,5.673687659
0.809,5.689995113
0.81,5.705708334
0.811,5.720480696
0.812,5.734719878
0.813,5.749231716
0.814,5.764123173
0.815,5.778009644
0.816,5.791778211
0.817,5.804891993
0.818,5.818616252
0.819,5.831819303
0.82,5.845504939
0.821,5.858466119
0.822,5.871932032
0.823,5.885795415
0.824,5.900425602
0.825,5.916250805
0.826,5.932012647
0.827,5.949825456
0.828,5.966501637
0.829,5.984920035
0.83,6.002166263
0.831,6.022066099
0.832,6.041290018
0.833,6.060109353
0.834,6.07928061
0.835,6.100049828
0.836,6.120393825
0.837,6.142617048
0.838,6.164877542
0.839,6.185812223
0.84,6.206609728
0.841,6.227655616
0.842,6.249616742
0.843,6.269666197
0.844,6.291089558
0.845,6.310066961
0.846,6.32936317
0.847,6.349235967
0.848,6.36704194
0.849,6.386016619
0.85,6.405207941
0.851,6.423731904
0.852,6.442524766
0.853,6.460390256
0.854,6.47879869
0.855,6.496665999
0.856,6.514525441
0.857,6.532544062
0.858,6.549999794
0.859,6.567290215
0.86,6.583560757
0.861,6.60059685
0.862,6.615862887
0.863,6.632126734
0.864,6.647158337
0.865,6.661582731
0.866,6.676379795
0.867,6.691363125
0.868,6.705142201
0.869,6.719442401
0.87,6.733873997
0.871,6.747695016
0.872,6.763274371
0.873,6.778351894
0.874,6.793816702
0.875,6.809884771
0.876,6.82504896
0.877,6.840948832
0.878,6.858820104
0.879,6.874532642
0.88,6.891082982
0.881,6.907266498
0.882,6.924626829
0.883,6.940621353
0.884,6.957038047
0.885,6.972326349
0.886,6.988873414
0.887,7.00460999
0.888,7.02043407
0.889,7.036048188
0.89,7.051516671
0.891,7.06700523
0.892,7.081680569
0.893,7.096782585
0.894,7.113206524
0.895,7.128559295
0.896,7.143174854
0.897,7.158788187
0.898,7.174135802
0.899,7.189485359
0.9,7.205002899
0.901,7.220083527
0.902,7.233371141
0.903,7.247142887
0.904,7.261634644
0.905,7.2756879
0.906,7.288946557
0.907,7.301456172
0.908,7.314740047
0.909,7.327863651
0.91,7.339657866
0.911,7.352152786
0.912,7.364693498
0.913,7.377234597
0.914,7.389953942
0.915,7.399894856
0.916,7.410718562
0.917,7.419500518
0.918,7.427405671
0.919,7.434214531
0.92,7.440557531
0.921,7.446924106
0.922,7.45133955
0.923,7.455860666
0.924,7.459840372
0.925,7.463385771
0.926,7.467429629
0.927,7.47251617
0.928,7.477381106
0.929,7.482998308
0.93,7.488912472
0.931,7.495147146
0.932,7.501247529
0.933,7.506560995
0.934,7.513431638
0.935,7.519651695
0.936,7.525765909
0.937,7.532593579
0.938,7.539182351
0.939,7.545627285
0.94,7.552839258
0.941,7.559961842
0.942,7.566551181
0.943,7.572360058
0.944,7.577636367
0.945,7.584117391
0.946,7.590105362
0.947,7.596087242
0.948,7.602179254
0.949,7.609207772
0.95,7.615730913
0.951,7.621972262
0.952,7.628929348
0.953,7.635781513
0.954,7.643817781
0.955,7.65159952
0.956,7.659293529
0.957,7.668091848
0.958,7.676989399
0.959,7.685288283
0.96,7.693246634
0.961,7.702553821
0.962,7.710284513
0.963,7.719520374
0.964,7.729552631
0.965,7.736273087
0.966,7.742265216
0.967,7.748575253
0.968,7.754066946
0.969,7.758757034
0.97,7.763313544
0.971,7.767745319
0.972,7.77188179
0.973,7.775107155
0.974,7.77855128
0.975,7.781045333
0.976,7.784118767
0.977,7.786921459
0.978,7.79044114
0.979,7.79331203
0.98,7.795883056
0.981,7.798431469
0.982,7.800457726
0.983,7.801342602
0.984,7.803196956
0.985,7.804633647
0.986,7.805090588
0.987,7.806450537
0.988,7.806854888
0.989,7.805895901
0.99,7.806525646
0.991,7.807567253
0.992,7.808510539
0.993,7.809462719
0.994,7.809025733
0.995,7.807650365
0.996,7.80781928
0.997,7.80688186
0.998,7.805201193
0.999,7.804840802
1,7.804141772
1.001,7.804486268
1.002,7.804513755
1.003,7.803584771
1.004,7.802802885
1.005,7.802481242
1.006,7.802642456
1.007,7.801246001
1.008,7.800959949
1.009,7.801337011
1.01,7.803468571
1.011,7.805157401
1.012,7.806786289
1.013,7.809261735
1.014,7.813485508
1.015,7.817717902
1.016,7.822617249
1.017,7.825052675
1.018,7.827814403
1.019,7.82810115
1.02,7.827916334
1.021,7.824675155
1.022,7.820525036
1.023,7.816824199
1.024,7.812645774
1.025,7.809331502
1.026,7.806461485
1.027,7.803136582
1.028,7.800084413
1.029,7.796091319
1.03,7.792794696
1.031,7.788779007
1.032,7.784791614
1.033,7.781134171
1.034,7.778347335
1.035,7.774041174
1.036,7.769761092
1.037,7.76575844
1.038,7.761570335
1.039,7.758098109
1.04,7.753391234
1.041,7.749161939
1.042,7.74588057
1.043,7.742884566
1.044,7.738950575
1.045,7.735984211
1.046,7.732628458
1.047,7.729731242
1.048,7.726676477
1.049,7.722990011
1.05,7.71912707
1.051,7.715395393
1.052,7.712535752
1.053,7.708879479
1.054,7.705165723
1.055,7.700960371
1.056,7.697397703
1.057,7.693059358
1.058,7.688062041
1.059,7.683359574
1.06,7.677230212
1.061,7.670378223
1.062,7.66326196
1.063,7.655262638
1.064,7.648284425
1.065,7.639618649
1.066,7.631644435
1.067,7.623064702
1.068,7.615363905
1.069,7.607612307
1.07,7.599780994
1.071,7.590811246
1.072,7.581598057
1.073,7.571751768
1.074,7.563264995
1.075,7.554871941
1.076,7.545398774
1.077,7.537233039
1.078,7.528106944
1.079,7.519448844
1.08,7.509353818
1.081,7.498458847
1.082,7.487878799
1.083,7.477146799
1.084,7.466285413
1.085,7.456149419
1.086,7.445265321
1.087,7.434440168
1.088,7.423755506
1.089,7.413454183
1.09,7.403300758
1.091,7.394938168
1.092,7.385385977
1.093,7.376102051
1.094,7.36852506
1.095,7.35989812
1.096,7.351773315
1.097,7.34408169
1.098,7.335995812
1.099,7.326214046
1.1,7.317823633
1.101,7.309274567
1.102,7.301097109
1.103,7.292267104
1.104,7.284466127
1.105,7.275692868
1.106,7.266851489
1.107,7.25804042
1.108,7.249308828
1.109,7.238458729
1.11,7.228177164
1.111,7.217929863
1.112,7.207649557
1.113,7.197960343
1.114,7.188657551
1.115,7.178910514
1.116,7.170212686
1.117,7.16193057
1.118,7.153022662
1.119,7.143796989
1.12,7.136505205
1.121,7.128625897
1.122,7.123028336
1.123,7.116299352
1.124,7.110349223
1.125,7.103789842
1.126,7.097400799
1.127,7.091252982
1.128,7.084567632
1.129,7.07945005
1.13,7.072594111
1.131,7.066222231
1.132,7.060392401
1.133,7.054460125
1.134,7.046850139
1.135,7.040071913
1.136,7.032926619
1.137,7.024834766
1.138,7.01669021
1.139,7.007659558
1.14,6.997967224
1.141,6.988260608
1.142,6.977501918
1.143,6.967270141
1.144,6.956795951
1.145,6.944876764
1.146,6.934847122
1.147,6.922659613
1.148,6.911766249
1.149,6.899711518
1.15,6.889604236
1.151,6.880498193
1.152,6.870296054
1.153,6.860877009
1.154,6.851477869
1.155,6.840596975
1.156,6.828993397
1.157,6.817387057
1.158,6.808814896
1.159,6.800574561
1.16,6.792636049
1.161,6.786279307
1.162,6.782415028
1.163,6.776596245
1.164,6.77090339
1.165,6.764391155
1.166,6.760033086
1.167,6.75383682
1.168,6.747847597
1.169,6.743172798
1.17,6.738036702
1.171,6.733299921
1.172,6.728250065
1.173,6.721640082
1.174,6.713987921
1.175,6.706353753
1.176,6.698168312
1.177,6.68964952
1.178,6.681479257
1.179,6.674184895
1.18,6.665559756
1.181,6.657366206
1.182,6.648224006
1.183,6.640803623
1.184,6.630952875
1.185,6.622136957
1.186,6.612014862
1.187,6.602471816
1.188,6.591832807
1.189,6.582205876
1.19,6.568046307
1.191,6.553741917
1.192,6.541537368
1.193,6.526908309
1.194,6.513380112
1.195,6.501090194
1.196,6.486322437
1.197,6.469197697
1.198,6.453232354
1.199,6.437932555
1.2,6.424836716
1.201,6.410135117
1.202,6.395122549
1.203,6.379638894
1.204,6.370259285
1.205,6.364558608
1.206,6.356099358
1.207,6.348246418
1.208,6.34038265
1.209,6.33152511
1.21,6.319974223
1.211,6.311376093
1.212,6.302625923
1.213,6.293535938
1.214,6.285542338
1.215,6.279075165
1.216,6.270742673
1.217,6.264336173
1.218,6.253550962
1.219,6.242387608
1.22,6.22969581
1.221,6.213612915
1.222,6.20061829
1.223,6.184143289
1.224,6.169050683
1.225,6.150331629
1.226,6.130133192
1.227,6.109005619
1.228,6.087719707
1.229,6.065786754
1.23,6.045199646
1.231,6.022762263
1.232,5.999772241
1.233,5.979616932
1.234,5.956890303
1.235,5.937623948
1.236,5.919404327
1.237,5.900232739
1.238,5.88100772
1.239,5.863628974
1.24,5.848233236
1.241,5.83001812
1.242,5.81203551
1.243,5.79861887
1.244,5.785074982
1.245,5.771553747
1.246,5.760111737
1.247,5.748809825
1.248,5.738214137
1.249,5.728682743
1.25,5.718586263
1.251,5.708192936
1.252,5.698879132
1.253,5.687118816
1.254,5.67775892
1.255,5.667053538
1.256,5.656975786
1.257,5.647618279
1.258,5.637919536
1.259,5.624923337
1.26,5.613495291
1.261,5.599389299
1.262,5.585172215
1.263,5.571030187
1.264,5.55789537
1.265,5.545508306
1.266,5.531353484
1.267,5.519429044
1.268,5.507266187
1.269,5.497980139
1.27,5.486513549
1.271,5.474558334
1.272,5.462098329
1.273,5.449340545
1.274,5.437838258
1.275,5.424606535
1.276,5.413259688
1.277,5.401520653
1.278,5.392091414
1.279,5.382069202
1.28,5.37303314
1.281,5.364042613
1.282,5.357201973
1.283,5.348261356
1.284,5.34135763
1.285,5.334170469
1.286,5.328980567
1.287,5.322039024
1.288,5.315860337
1.289,5.310345171
1.29,5.304646589
1.291,5.296286528
1.292,5.28811547
1.293,5.278717247
1.294,5.266874506
1.295,5.258469628
1.296,5.248409869
1.297,5.237527311
1.298,5.224301097
1.299,5.212244473
1.3,5.199122444
1.301,5.189221848
1.302,5.17727431
1.303,5.162622564
1.304,5.145812094
1.305,5.130254188
1.306,5.1134688
1.307,5.098028694
1.308,5.081913995
1.309,5.066488082
1.31,5.05043876
1.311,5.031630374
1.312,5.015927056
1.313,5.002644651
1.314,4.988515432
1.315,4.974944755
1.316,4.963535279
1.317,4.953345697
1.318,4.942705943
1.319,4.934144556
1.32,4.925888869
1.321,4.918878572
1.322,4.913098537
1.323,4.90628823
1.324,4.901458672
1.325,4.896576409
1.326,4.889003432
1.327,4.882023082
1.328,4.874524515
1.329,4.869313346
1.33,4.864170134
1.331,4.858898574
1.332,4.851737726
1.333,4.846134671
1.334,4.839469248
1.335,4.834188641
1.336,4.827855468
1.337,4.820746884
1.338,4.811203075
1.339,4.80346816
1.34,4.794995723
1.341,4.783169912
1.342,4.774046249
1.343,4.76090023
1.344,4.748693706
1.345,4.737604853
1.346,4.724975037
1.347,4.712150016
1.348,4.702394026
1.349,4.692259178
1.35,4.681216178
1.351,4.671702366
1.352,4.662193481
1.353,4.653710698
1.354,4.645209276
1.355,4.638832332
1.356,4.631431192
1.357,4.625674684
1.358,4.621857864
1.359,4.616911254
1.36,4.613060165
1.361,4.610692266
1.362,4.606119514
1.363,4.604517401
1.364,4.602552208
1.365,4.601279636
1.366,4.598078753
1.367,4.593896393
1.368,4.589634675
1.369,4.584544824
1.37,4.578371639
1.371,4.57089514
1.372,4.564335709
1.373,4.557843117
1.374,4.54884473
1.375,4.539653731
1.376,4.532432738
1.377,4.523587144
1.378,4.516574612
1.379,4.50508375
1.38,4.493898729
1.381,4.482038278
1.382,4.472729598
1.383,4.462915251
1.384,4.450012586
1.385,4.438295735
1.386,4.424797974
1.387,4.416105116
1.388,4.407351536
1.389,4.399004076
1.39,4.392603836
1.391,4.387277853
1.392,4.382223106
1.393,4.37495036
1.394,4.372991511
1.395,4.369825217
1.396,4.366855212
1.397,4.364447551
1.398,4.36044799
1.399,4.357830887
1.4,4.353504098
1.401,4.349126004
1.402,4.343986189
1.403,4.340176406
1.404,4.336873364
1.405,4.332565142
1.406,4.328792697
1.407,4.325332517
1.408,4.319942671
1.409,4.314899754
1.41,4.309448075
1.411,4.302354105
1.412,4.293730164
1.413,4.284398357
1.414,4.274936087
1.415,4.266487399
1.416,4.256073191
1.417,4.244996808
1.418,4.232116032
1.419,4.223339996
1.42,4.212166691
1.421,4.203053481
1.422,4.195994439
1.423,4.190002901
1.424,4.183810883
1.425,4.177860116
1.426,4.172705956
1.427,4.166813808
1.428,4.163189365
1.429,4.158513749
1.43,4.155671878
1.431,4.153835481
1.432,4.152205154
1.433,4.151653608
1.434,4.148846279
1.435,4.147715899
1.436,4.149642809
1.437,4.151216958
1.438,4.154730191
1.439,4.156149271
1.44,4.156505547
1.441,4.156951673
1.442,4.157196655
1.443,4.154932774
1.444,4.15155788
1.445,4.147559772
1.446,4.144559199
1.447,4.139666006
1.448,4.133407434
1.449,4.126727231
1.45,4.118387326
1.451,4.111835454
1.452,4.104821267
1.453,4.095519825
1.454,4.087149385
1.455,4.076694342
1.456,4.0683099
1.457,4.05972361
1.458,4.051406797
1.459,4.041370527
1.46,4.03374627
1.461,4.026520579
1.462,4.019272236
1.463,4.011921459
1.464,4.004840243
1.465,3.998899699
1.466,3.993401998
1.467,3.990318924
1.468,3.985631835
1.469,3.98452542
1.47,3.981338613
1.471,3.980494518
1.472,3.980539449
1.473,3.979592351
1.474,3.979940005
1.475,3.977805576
1.476,3.978174472
1.477,3.977278639
1.478,3.97751262
1.479,3.978636036
1.48,3.978120236
1.481,3.975983245
1.482,3.976863603
1.483,3.975215329
1.484,3.972755032
1.485,3.972023239
1.486,3.969539846
1.487,3.966049044
1.488,3.961451124
1.489,3.956969204
1.49,3.952912801
1.491,3.948911353
1.492,3.94480345
1.493,3.94073338
1.494,3.937479733
1.495,3.931596896
1.496,3.928127238
1.497,3.923303647
1.498,3.918460276
1.499,3.917757573
1.5,3.916054628
1.501,3.915399958
1.502,3.916902807
1.503,3.91840157
1.504,3.920378246
1.505,3.925158126
1.506,3.929938246
1.507,3.936063737
1.508,3.941611813
1.509,3.94967893
1.51,3.957865009
1.511,3.96668137
1.512,3.975090593
1.513,3.984124309
1.514,3.99329287
1.515,4.000480444
1.516,4.007588974
1.517,4.016689546
1.518,4.022507261
1.519,4.028002542
1.52,4.031176171
1.521,4.03500057
1.522,4.035671654
1.523,4.036537825
1.524,4.034159249
1.525,4.031649748
1.526,4.02844659
1.527,4.02559281
1.528,4.019940262
1.529,4.01628739
1.53,4.011485113
1.531,4.005127725
1.532,3.998796368
1.533,3.995229064
1.534,3.990599721
1.535,3.984025237
1.536,3.980053196
1.537,3.977395005
1.538,3.974897686
1.539,3.973500245
1.54,3.97308243
1.541,3.972074848
1.542,3.97217566
1.543,3.976080466
1.544,3.979851299
1.545,3.982837603
1.546,3.98763841
1.547,3.992744238
1.548,4.000467762
1.549,4.007986295
1.55,4.011929516
1.551,4.018183609
1.552,4.022008868
1.553,4.025579018
1.554,4.027610715
1.555,4.027927572
1.556,4.029120466
1.557,4.028345411
1.558,4.027527375
1.559,4.027357553
1.56,4.027332509
1.561,4.025143038
1.562,4.022241353
1.563,4.018090772
1.564,4.011888657
1.565,4.00985875
1.566,4.00665691
1.567,4.00313619
1.568,4.000319116
1.569,3.998233363
1.57,3.993614754
1.571,3.991042415
1.572,3.989149732
1.573,3.988406455
1.574,3.984192984
1.575,3.98407459
1.576,3.983267144
1.577,3.981927819
1.578,3.982800458
1.579,3.984078028
1.58,3.986284822
1.581,3.990919988
1.582,3.994619865
1.583,3.998071851
1.584,4.001199991
1.585,4.007159672
1.586,4.012760813
1.587,4.019835801
1.588,4.029855764
1.589,4.039330563
1.59,4.048994997
1.591,4.059451516
1.592,4.067282174
1.593,4.07437837
1.594,4.081997905
1.595,4.088265597
1.596,4.094414245
1.597,4.099667265
1.598,4.103488912
1.599,4.106673012
1.6,4.109551006
1.601,4.111941049
1.602,4.111820704
1.603,4.113121028
1.604,4.113432814
1.605,4.110802801
1.606,4.110029312
1.607,4.10760433
1.608,4.106733309
1.609,4.103736835
1.61,4.102213039
1.611,4.099870271
1.612,4.099883586
1.613,4.098797262
1.614,4.099880795
1.615,4.101340728
1.616,4.105030361
1.617,4.110072297
1.618,4.113118373
1.619,4.115816311
1.62,4.121321165
1.621,4.129699415
1.622,4.138111812
1.623,4.144656073
1.624,4.152115553
1.625,4.16067368
1.626,4.172088439
1.627,4.183592803
1.628,4.193497365
1.629,4.200065876
1.63,4.209706423
1.631,4.219087779
1.632,4.226413127
1.633,4.233939798
1.634,4.24142893
1.635,4.246124098
1.636,4.250609667
1.637,4.255104345
1.638,4.256437762
1.639,4.257428078
1.64,4.258477461
1.641,4.260547386
1.642,4.26170723
1.643,4.261813068
1.644,4.261057981
1.645,4.261437365
1.646,4.261186394
1.647,4.261019963
1.648,4.261264358
1.649,4.262835172
1.65,4.26651833
1.651,4.268848845
1.652,4.272906585
1.653,4.274980668
1.654,4.278293476
1.655,4.282033007
1.656,4.287170122
1.657,4.292686354
1.658,4.29797081
1.659,4.306469411
1.66,4.314730311
1.661,4.321257714
1.662,4.329821288
1.663,4.338174447
1.664,4.350438726
1.665,4.359206009
1.666,4.367779978
1.667,4.378269259
1.668,4.385478834
1.669,4.390030666
1.67,4.393649154
1.671,4.397107008
1.672,4.400070877
1.673,4.403269963
1.674,4.401726038
1.675,4.402968091
1.676,4.403173968
1.677,4.401219145
1.678,4.396681792
1.679,4.39275646
1.68,4.389736265
1.681,4.386985196
1.682,4.384150501
1.683,4.379164068
1.684,4.376247584
1.685,4.374736002
1.686,4.370719274
1.687,4.366539815
1.688,4.365024755
1.689,4.362647207
1.69,4.359497125
1.691,4.361016354
1.692,4.360219773
1.693,4.362720638
1.694,4.365512483
1.695,4.369666138
1.696,4.374256274
1.697,4.377830527
1.698,4.382910834
1.699,4.391683913
1.7,4.398051512
1.701,4.404884338
1.702,4.414129297
1.703,4.418945158
1.704,4.424315915
1.705,4.430685067
1.706,4.437966826
1.707,4.443841301
1.708,4.445905632
1.709,4.451775292
1.71,4.456182522
1.711,4.460775269
1.712,4.463614841
1.713,4.466514013
1.714,4.465094013
1.715,4.463138784
1.716,4.462907094
1.717,4.459971316
1.718,4.456866307
1.719,4.454372919
1.72,4.452206211
1.721,4.450511388
1.722,4.449493832
1.723,4.44714138
1.724,4.441792316
1.725,4.442262811
1.726,4.440000519
1.727,4.439726883
1.728,4.439281404
1.729,4.439135331
1.73,4.442246032
1.731,4.444313641
1.732,4.447978187
1.733,4.45170695
1.734,4.455937076
1.735,4.462827443
1.736,4.469216313
1.737,4.477277525
1.738,4.482567567
1.739,4.48938666
1.74,4.498131229
1.741,4.504991786
1.742,4.510913169
1.743,4.51930126
1.744,4.527927706
1.745,4.533208864
1.746,4.540156023
1.747,4.545201586
1.748,4.549953266
1.749,4.555173425
1.75,4.559899432
1.751,4.562548652
1.752,4.564969126
1.753,4.566336973
1.754,4.565261241
1.755,4.564555287
1.756,4.564367165
1.757,4.561575818
1.758,4.558271499
1.759,4.555764476
1.76,4.553600589
1.761,4.551488503
1.762,4.548050645
1.763,4.54431065
1.764,4.541639462
1.765,4.538251926
1.766,4.534980176
1.767,4.535515611
1.768,4.532146837
1.769,4.53112805
1.77,4.531389283
1.771,4.532435432
1.772,4.535932051
1.773,4.53832663
1.774,4.542479339
1.775,4.548384353
1.776,4.552514449
1.777,4.557671409
1.778,4.56225623
1.779,4.566824228
1.78,4.571819418
1.781,4.575333756
1.782,4.581416963
1.783,4.587128841
1.784,4.593663434
1.785,4.598382541
1.786,4.603415712
1.787,4.608402576
1.788,4.61434967
1.789,4.619686885
1.79,4.624531379
1.791,4.626388567
1.792,4.630956268
1.793,4.629414166
1.794,4.629799686
1.795,4.630710248
1.796,4.630692035
1.797,4.628283058
1.798,4.627133552
1.799,4.627028366
1.8,4.624371751
1.801,4.623800348
1.802,4.622018926
1.803,4.619817172
1.804,4.617845412
1.805,4.617093052
1.806,4.616332029
1.807,4.613720837
1.808,4.612864435
1.809,4.61159682
1.81,4.609822072
1.811,4.60686303
1.812,4.607214091
1.813,4.607529269
1.814,4.611768595
1.815,4.61154047
1.816,4.616092161
1.817,4.620126832
1.818,4.624767462
1.819,4.629521497
1.82,4.63434878
1.821,4.636885974
1.822,4.638253903
1.823,4.640131938
1.824,4.643196021
1.825,4.644724536
1.826,4.647241669
1.827,4.65139808
1.828,4.654438919
1.829,4.657824256
1.83,4.660724046
1.831,4.662328485
1.832,4.664441111
1.833,4.665716271
1.834,4.664022564
1.835,4.663324409
1.836,4.661859341
1.837,4.660425968
1.838,4.657742087
1.839,4.65366017
1.84,4.648033405
1.841,4.643223733
1.842,4.640174122
1.843,4.637488995
1.844,4.634877065
1.845,4.632708075
1.846,4.630256388
1.847,4.629510975
1.848,4.626675686
1.849,4.625760203
1.85,4.620574334
1.851,4.62056221
1.852,4.622158296
1.853,4.620566803
1.854,4.621218007
1.855,4.621265956
1.856,4.621923343
1.857,4.623474134
1.858,4.62447383
1.859,4.627650435
1.86,4.63009584
1.861,4.630549586
1.862,4.63339862
1.863,4.636233826
1.864,4.637717811
1.865,4.638613656
1.866,4.639625905
1.867,4.640455422
1.868,4.63956441
1.869,4.640625398
1.87,4.641181077
1.871,4.640452502
1.872,4.642305982
1.873,4.644530686
1.874,4.644722697
1.875,4.644420268
1.876,4.642286896
1.877,4.638947199
1.878,4.635843654
1.879,4.633088885
1.88,4.62974787
1.881,4.626797076
1.882,4.623185268
1.883,4.619314605
1.884,4.618013174
1.885,4.614418577
1.886,4.611829584
1.887,4.609902424
1.888,4.608969686
1.889,4.607054802
1.89,4.604363213
1.891,4.60310371
1.892,4.601516416
1.893,4.598696401
1.894,4.597787132
1.895,4.594893973
1.896,4.59282987
1.897,4.593441139
1.898,4.593953582
1.899,4.595493724
1.9,4.596982045
1.901,4.597933994
1.902,4.600749228
1.903,4.602127825
1.904,4.603566547
1.905,4.606074357
1.906,4.606932167
1.907,4.607655983
1.908,4.608262259
1.909,4.609848794
1.91,4.609378961
1.911,4.608745975
1.912,4.609413685
1.913,4.609559807
1.914,4.610375377
1.915,4.60943253
1.916,4.608972778
1.917,4.607757401
1.918,4.605476197
1.919,4.601655718
1.92,4.59743372
1.921,4.590222827
1.922,4.583961453
1.923,4.576806054
1.924,4.570026103
1.925,4.562634638
1.926,4.555080011
1.927,4.546770426
1.928,4.539313732
1.929,4.531778834
1.93,4.524095264
1.931,4.516681783
1.932,4.508392688
1.933,4.500714684
1.934,4.49230214
1.935,4.483065779
1.936,4.474106371
1.937,4.465427199
1.938,4.458988285
1.939,4.451865311
1.94,4.446180191
1.941,4.441764986
1.942,4.438566816
1.943,4.436646105
1.944,4.434631214
1.945,4.433452642
1.946,4.431745962
1.947,4.430692103
1.948,4.429609735
1.949,4.429107463
1.95,4.427351863
1.951,4.425031264
1.952,4.422701876
1.953,4.419039601
1.954,4.416810383
1.955,4.414496738
1.956,4.411847687
1.957,4.409664555
1.958,4.407362857
1.959,4.405619681
1.96,4.404014195
1.961,4.401683826
1.962,4.397030139
1.963,4.392205346
1.964,4.387906322
1.965,4.3832563
1.966,4.378463609
1.967,4.372626044
1.968,4.367993018
1.969,4.362591485
1.97,4.357333811
1.971,4.352586456
1.972,4.347819263
1.973,4.343090471
1.974,4.337566206
1.975,4.332266204
1.976,4.326996646
1.977,4.320662007
1.978,4.313043179
1.979,4.306603527
1.98,4.300805132
1.981,4.295232713
1.982,4.289498283
1.983,4.283593324
1.984,4.277844904
1.985,4.273361426
1.986,4.268545335
1.987,4.264798715
1.988,4.260088548
1.989,4.254341331
1.99,4.249219053
1.991,4.245014659
1.992,4.240592632
1.993,4.234414026
1.994,4.228851797
1.995,4.225215316
1.996,4.221768824
1.997,4.217698392
1.998,4.212596264
1.999,4.208359803
2,4.204131785
2.001,4.20145149
2.002,4.198254038
2.003,4.194380188
2.004,4.190458317
2.005,4.187782457
2.006,4.184116361
2.007,4.180014589
2.008,4.175941429
2.009,4.17239226
2.01,4.168796548
2.011,4.165745015
2.012,4.162577752
2.013,4.160341774
2.014,4.156996301
2.015,4.153512022
2.016,4.149702424
2.017,4.144269918
2.018,4.139356689
2.019,4.134256624
2.02,4.128689772
2.021,4.12257346
2.022,4.116821361
2.023,4.110246071
2.024,4.101269116
2.025,4.092406271
2.026,4.085089677
2.027,4.07625092
2.028,4.067403384
2.029,4.057976634
2.03,4.04893244
2.031,4.040735342
2.032,4.032899123
2.033,4.025118898
2.034,4.018005566
2.035,4.01055216
2.036,4.002466221
2.037,3.994664298
2.038,3.985932674
2.039,3.977833627
2.04,3.971379246
2.041,3.963321205
2.042,3.955765631
2.043,3.94920112
2.044,3.942424043
2.045,3.937404741
2.046,3.932375787
2.047,3.927182435
2.048,3.921803373
2.049,3.916593456
2.05,3.911166577
2.051,3.904343198
2.052,3.898012803
2.053,3.892513154
2.054,3.887322415
2.055,3.882290919
2.056,3.878097318
2.057,3.873438134
2.058,3.869009806
2.059,3.864341369
2.06,3.859902316
2.061,3.855637105
2.062,3.851240408
2.063,3.847795058
2.064,3.844573911
2.065,3.842281375
2.066,3.839203841
2.067,3.836171074
2.068,3.832653573
2.069,3.829722814
2.07,3.826091754
2.071,3.822792903
2.072,3.81977072
2.073,3.814173342
2.074,3.808074358
2.075,3.802992685
2.076,3.796933784
2.077,3.790922254
2.078,3.782800738
2.079,3.772945423
2.08,3.762882576
2.081,3.751996273
2.082,3.742015402
2.083,3.730463172
2.084,3.719352595
2.085,3.708542114
2.086,3.698286385
2.087,3.687471468
2.088,3.675340599
2.089,3.664300552
2.09,3.652343629
2.091,3.63986468
2.092,3.628096375
2.093,3.615536266
2.094,3.603066355
2.095,3.590264147
2.096,3.577285069
2.097,3.564170751
2.098,3.552009612
2.099,3.538606553
2.1,3.525968291
2.101,3.51183304
2.102,3.497254285
2.103,3.485127233
2.104,3.474632943
2.105,3.465631864
2.106,3.458497353
2.107,3.451863827
2.108,3.44530329
2.109,3.439251039
2.11,3.433184225
2.111,3.427372773
2.112,3.421699617
2.113,3.415682021
2.114,3.409702303
2.115,3.404172357
2.116,3.398700201
2.117,3.393026002
2.118,3.388117623
2.119,3.382210108
2.12,3.376909161
2.121,3.371934299
2.122,3.366819602
2.123,3.361443708
2.124,3.3554949
2.125,3.350419797
2.126,3.34585509
2.127,3.341234241
2.128,3.336407401
2.129,3.33274698
2.13,3.327677292
2.131,3.322303403
2.132,3.316019859
2.133,3.310298987
2.134,3.305278666
2.135,3.298631051
2.136,3.293546255
2.137,3.287279125
2.138,3.281663361
2.139,3.275754225
2.14,3.269485868
2.141,3.263093781
2.142,3.256296548
2.143,3.250047798
2.144,3.243577143
2.145,3.236672988
2.146,3.230257354
2.147,3.22407287
2.148,3.21732819
2.149,3.2101496
2.15,3.202331191
2.151,3.19378496
2.152,3.185477191
2.153,3.176329625
2.154,3.166692248
2.155,3.156469748
2.156,3.145997753
2.157,3.135176163
2.158,3.123461081
2.159,3.111887911
2.16,3.099622313
2.161,3.088137307
2.162,3.076025971
2.163,3.063349783
2.164,3.050878442
2.165,3.039371039
2.166,3.027612678
2.167,3.016081814
2.168,3.004473002
2.169,2.994023482
2.17,2.983992672
2.171,2.975213326
2.172,2.966770524
2.173,2.957208337
2.174,2.948940065
2.175,2.941360599
2.176,2.934428518
2.177,2.928167445
2.178,2.921081456
2.179,2.914391978
2.18,2.907146183
2.181,2.901020635
2.182,2.894412647
2.183,2.886816805
2.184,2.879806188
2.185,2.872124933
2.186,2.864606238
2.187,2.857741708
2.188,2.850658707
2.189,2.843828301
2.19,2.83752879
2.191,2.830352467
2.192,2.824603939
2.193,2.818751698
2.194,2.812850764
2.195,2.806916858
2.196,2.801461002
2.197,2.795995579
2.198,2.790774623
2.199,2.785268271
2.2,2.780343075
2.201,2.77545304
2.202,2.770876291
2.203,2.766670291
2.204,2.761584273
2.205,2.7574054
2.206,2.753507534
2.207,2.748993802
2.208,2.743914043
2.209,2.739716702
2.21,2.7357246
2.211,2.731135792
2.212,2.727271457
2.213,2.723352426
2.214,2.718821197
2.215,2.715061904
2.216,2.71057237
2.217,2.706235727
2.218,2.701513225
2.219,2.697137038
2.22,2.69319018
2.221,2.686690161
2.222,2.681914143
2.223,2.676547953
2.224,2.670177532
2.225,2.664750667
2.226,2.659195525
2.227,2.654200456
2.228,2.64869843
2.229,2.641329072
2.23,2.634708697
2.231,2.628116404
2.232,2.622089259
2.233,2.614880225
2.234,2.608692417
2.235,2.602378146
2.236,2.595809377
2.237,2.588980365
2.238,2.582571371
2.239,2.576250006
2.24,2.569543472
2.241,2.562469773
2.242,2.554597999
2.243,2.547618137
2.244,2.540088423
2.245,2.532526419
2.246,2.523750992
2.247,2.516180844
2.248,2.508164109
2.249,2.500557391
2.25,2.492450708
2.251,2.484924624
2.252,2.477975127
2.253,2.471033719
2.254,2.462734218
2.255,2.456256828
2.256,2.447589052
2.257,2.439060788
2.258,2.430768089
2.259,2.422372598
2.26,2.414352777
2.261,2.407318156
2.262,2.401102223
2.263,2.394615648
2.264,2.388575815
2.265,2.383521067
2.266,2.378474541
2.267,2.373512654
2.268,2.368607616
2.269,2.363707714
2.27,2.359533274
2.271,2.354408841
2.272,2.349234664
2.273,2.344095881
2.274,2.338339632
2.275,2.332482546
2.276,2.326715131
2.277,2.320819791
2.278,2.315241347
2.279,2.309113062
2.28,2.302901843
2.281,2.296687134
2.282,2.29041432
2.283,2.284399043
2.284,2.278852943
2.285,2.272969329
2.286,2.266738057
2.287,2.260093727
2.288,2.253259674
2.289,2.246635452
2.29,2.240269924
2.291,2.233398164
2.292,2.225958683
2.293,2.219250635
2.294,2.211299254
2.295,2.20304853
2.296,2.194624826
2.297,2.18672671
2.298,2.178297324
2.299,2.169995319
2.3,2.160264061
2.301,2.150876617
2.302,2.141830581
2.303,2.13259867
2.304,2.123138535
2.305,2.113802988
2.306,2.103880234
2.307,2.094656089
2.308,2.085479243
2.309,2.076587931
2.31,2.067278395
2.311,2.058581886
2.312,2.04932474
2.313,2.03980804
2.314,2.030098534
2.315,2.020045021
2.316,2.010822874
2.317,2.001958196
2.318,1.993407662
2.319,1.983420195
2.32,1.97528037
2.321,1.96749617
2.322,1.958435192
2.323,1.950477176
2.324,1.942941515
2.325,1.934299006
2.326,1.926126072
2.327,1.917939415
2.328,1.909884794
2.329,1.901278685
2.33,1.893877944
2.331,1.88562551
2.332,1.877238199
2.333,1.868733044
2.334,1.860932145
2.335,1.853081035
2.336,1.84572456
2.337,1.838856493
2.338,1.831649365
2.339,1.824769671
2.34,1.818650769
2.341,1.812199339
2.342,1.806612786
2.343,1.801568563
2.344,1.79651188
2.345,1.79140932
2.346,1.787057575
2.347,1.782985045
2.348,1.77988824
2.349,1.776975901
2.35,1.773825985
2.351,1.771337029
2.352,1.768930166
2.353,1.766840384
2.354,1.764708256
2.355,1.762380371
2.356,1.760866095
2.357,1.758917636
2.358,1.757210848
2.359,1.755549402
2.36,1.753680584
2.361,1.752385262
2.362,1.750562436
2.363,1.748906005
2.364,1.747755165
2.365,1.746459108
2.366,1.745511879
2.367,1.744831394
2.368,1.743594658
2.369,1.742528639
2.37,1.74161706
2.371,1.740494671
2.372,1.73986624
2.373,1.739186268
2.374,1.73821363
2.375,1.737523847
2.376,1.736988397
2.377,1.736506065
2.378,1.735809627
2.379,1.735006908
2.38,1.734513821
2.381,1.734102329
2.382,1.733457979
2.383,1.732988415
2.384,1.732280606
2.385,1.731781237
2.386,1.73102072
2.387,1.730561961
2.388,1.729897076
2.389,1.729072993
2.39,1.728617465
2.391,1.728580603
2.392,1.728327578
2.393,1.728163615
2.394,1.727869187
2.395,1.727570004
2.396,1.727518983
2.397,1.727560842
2.398,1.727601311
2.399,1.727902175
2.4,1.728089707
2.401,1.72819782
2.402,1.728184081
2.403,1.728376886
2.404,1.729296543
2.405,1.729627877
2.406,1.73002292
2.407,1.730812563
2.408,1.731305357
2.409,1.731862936
2.41,1.732489418
2.411,1.733032481
2.412,1.733659013
2.413,1.734511399
2.414,1.735185921
2.415,1.736291501
2.416,1.737217912
2.417,1.738135781
2.418,1.739495131
2.419,1.741044372
2.42,1.742550978
2.421,1.744408622
2.422,1.745941232
2.423,1.74783933
2.424,1.749680088
2.425,1.751803681
2.426,1.754129484
2.427,1.756040972
2.428,1.758261746
2.429,1.760865175
2.43,1.76335531
2.431,1.765706532
2.432,1.768305907
2.433,1.770800769
2.434,1.773216397
2.435,1.775744453
2.436,1.778404247
2.437,1.781199594
2.438,1.784245889
2.439,1.786832428
2.44,1.78964371
2.441,1.79272602
2.442,1.795396925
2.443,1.797994547
2.444,1.801088374
2.445,1.803863494
2.446,1.806942717
2.447,1.809394021
2.448,1.812209579
2.449,1.815229779
2.45,1.818050685
2.451,1.821184503
2.452,1.824233307
2.453,1.827156443
2.454,1.829998781
2.455,1.832902187
2.456,1.83585593
2.457,1.838859963
2.458,1.841912485
2.459,1.845268596
2.46,1.847848257
2.461,1.850975737
2.462,1.854214829
2.463,1.856958897
2.464,1.860133423
2.465,1.863150951
2.466,1.866358468
2.467,1.869450314
2.468,1.87283987
2.469,1.875729391
2.47,1.878957952
2.471,1.882331835
2.472,1.885229149
2.473,1.887860427
2.474,1.890905584
2.475,1.894131805
2.476,1.897252063
2.477,1.90059036
2.478,1.904017042
2.479,1.907094537
2.48,1.910185153
2.481,1.913629356
2.482,1.916891162
2.483,1.920462388
2.484,1.923954705
2.485,1.927020272
2.486,1.930495331
2.487,1.93357641
2.488,1.93718974
2.489,1.940342707
2.49,1.943924661
2.491,1.947825155
2.492,1.951511905
2.493,1.955453542
2.494,1.95935301
2.495,1.963779921
2.496,1.968173722
2.497,1.972157086
2.498,1.976679364
2.499,1.981254919
2.5,1.986033656
2.501,1.990436149
2.502,1.99505819
2.503,2.000025156
2.504,2.004723016
2.505,2.009798301
2.506,2.014430337
2.507,2.019175506
2.508,2.024596872
2.509,2.029773775
2.51,2.034882794
2.511,2.040190687
2.512,2.045407422
2.513,2.050844152
2.514,2.056183191
2.515,2.061399891
2.516,2.066843818
2.517,2.072386213
2.518,2.077848034
2.519,2.083298772
2.52,2.088944194
2.521,2.094502886
2.522,2.099890852
2.523,2.105529426
2.524,2.11109161
2.525,2.116255838
2.526,2.121694264
2.527,2.12718217
2.528,2.132793624
2.529,2.138241687
2.53,2.143800324
2.531,2.148885174
2.532,2.154143166
2.533,2.159423953
2.534,2.164705154
2.535,2.169835135
2.536,2.174973946
2.537,2.180467501
2.538,2.185624929
2.539,2.190681699
2.54,2.196278958
2.541,2.201183359
2.542,2.206163796
2.543,2.211033759
2.544,2.21593488
2.545,2.22084559
2.546,2.225441724
2.547,2.230168416
2.548,2.234768685
2.549,2.239470782
2.55,2.244134612
2.551,2.248751862
2.552,2.253556825
2.553,2.25805683
2.554,2.26306304
2.555,2.26776107
2.556,2.27243869
2.557,2.277310154
2.558,2.28210994
2.559,2.286933344
2.56,2.291415671
2.561,2.296219863
2.562,2.300747231
2.563,2.305605981
2.564,2.310427725
2.565,2.315526808
2.566,2.320426019
2.567,2.325201152
2.568,2.329888037
2.569,2.334432164
2.57,2.339372298
2.571,2.343732052
2.572,2.348344604
2.573,2.353141423
2.574,2.357746186
2.575,2.362439171
2.576,2.367032723
2.577,2.371722113
2.578,2.376083199
2.579,2.380498013
2.58,2.385206691
2.581,2.389525603
2.582,2.393962988
2.583,2.39835476
2.584,2.403038224
2.585,2.4076746
2.586,2.411883467
2.587,2.416179951
2.588,2.42058177
2.589,2.424667199
2.59,2.429001698
2.591,2.433194635
2.592,2.437773398
2.593,2.441985345
2.594,2.446196047
2.595,2.45058014
2.596,2.455196291
2.597,2.459564456
2.598,2.463964052
2.599,2.469103254
2.6,2.473729801
2.601,2.478695448
2.602,2.483741167
2.603,2.488154786
2.604,2.492799682
2.605,2.497869236
2.606,2.502753659
2.607,2.507815323
2.608,2.512663398
2.609,2.517408701
2.61,2.52241136
2.611,2.527303079
2.612,2.53215523
2.613,2.537052752
2.614,2.541931657
2.615,2.546394548
2.616,2.551264521
2.617,2.556408653
2.618,2.561279356
2.619,2.565997382
2.62,2.571007553
2.621,2.576024481
2.622,2.581051146
2.623,2.586512229
2.624,2.591376612
2.625,2.596824197
2.626,2.601956804
2.627,2.607204056
2.628,2.612457778
2.629,2.617591337
2.63,2.623000959
2.631,2.628773096
2.632,2.634140229
2.633,2.639212085
2.634,2.644615972
2.635,2.650340441
2.636,2.655865381
2.637,2.662039301
2.638,2.667811822
2.639,2.673805654
2.64,2.680160787
2.641,2.686812613
2.642,2.693321637
2.643,2.699675634
2.644,2.706109702
2.645,2.712848286
2.646,2.71958694
2.647,2.726460932
2.648,2.733034111
2.649,2.740096815
2.65,2.746822694
2.651,2.753827527
2.652,2.76046626
2.653,2.76793648
2.654,2.774815017
2.655,2.782043919
2.656,2.789860367
2.657,2.797277766
2.658,2.804522383
2.659,2.811861125
2.66,2.820012853
2.661,2.82746528
2.662,2.834694525
2.663,2.842465793
2.664,2.849652625
2.665,2.857399031
2.666,2.865037674
2.667,2.872743494
2.668,2.880740339
2.669,2.889113202
2.67,2.897399841
2.671,2.905330779
2.672,2.913556415
2.673,2.921459613
2.674,2.928928691
2.675,2.936874542
2.676,2.944766221
2.677,2.953031646
2.678,2.961211703
2.679,2.969091348
2.68,2.97659437
2.681,2.984598473
2.682,2.992450869
2.683,3.000241657
2.684,3.008569353
2.685,3.016139526
2.686,3.024122929
2.687,3.032126278
2.688,3.040378759
2.689,3.048066364
2.69,3.0556235
2.691,3.063724859
2.692,3.072033524
2.693,3.080271337
2.694,3.088475636
2.695,3.096439658
2.696,3.105033542
2.697,3.113060616
2.698,3.120863694
2.699,3.128993929
2.7,3.136284663
2.701,3.143723017
2.702,3.150912749
2.703,3.157586299
2.704,3.164730212
2.705,3.17142945
2.706,3.178331621
2.707,3.184699864
2.708,3.191122089
2.709,3.197513273
2.71,3.203557445
2.711,3.209615803
2.712,3.215644114
2.713,3.221833943
2.714,3.2280401
2.715,3.233842716
2.716,3.239884644
2.717,3.245998749
2.718,3.251898047
2.719,3.258125799
2.72,3.264157015
2.721,3.270104461
2.722,3.276196338
2.723,3.282288998
2.724,3.288781577
2.725,3.295232082
2.726,3.30156858
2.727,3.30795201
2.728,3.314246392
2.729,3.320759691
2.73,3.327276092
2.731,3.333798796
2.732,3.340363197
2.733,3.347294443
2.734,3.353503738
2.735,3.359906209
2.736,3.366764916
2.737,3.373637994
2.738,3.380327623
2.739,3.387235989
2.74,3.394188281
2.741,3.40074333
2.742,3.407409513
2.743,3.414549931
2.744,3.421030375
2.745,3.428256115
2.746,3.435003673
2.747,3.442396119
2.748,3.449563902
2.749,3.456441534
2.75,3.463475168
2.751,3.470476182
2.752,3.47717283
2.753,3.484114619
2.754,3.490769056
2.755,3.497829448
2.756,3.504815498
2.757,3.512395255
2.758,3.519907426
2.759,3.527447775
2.76,3.534892873
2.761,3.542144491
2.762,3.549325371
2.763,3.556772908
2.764,3.564086725
2.765,3.571350634
2.766,3.578571955
2.767,3.585976378
2.768,3.593249946
2.769,3.600569926
2.77,3.608131841
2.771,3.615643669
2.772,3.622935543
2.773,3.630489737
2.774,3.637685515
2.775,3.645345643
2.776,3.653042079
2.777,3.660782269
2.778,3.668623299
2.779,3.676478973
2.78,3.684283568
2.781,3.692288931
2.782,3.7001365
2.783,3.707626644
2.784,3.715519875
2.785,3.723464324
2.786,3.731241419
2.787,3.739576728
2.788,3.747601575
2.789,3.755737379
2.79,3.764142638
2.791,3.772399951
2.792,3.780308147
2.793,3.788806002
2.794,3.79723946
2.795,3.805550535
2.796,3.814110294
2.797,3.822533205
2.798,3.831254414
2.799,3.840094823
2.8,3.848406923
2.801,3.857203679
2.802,3.865721518
2.803,3.874748633
2.804,3.882894999
2.805,3.891110431
2.806,3.899481222
2.807,3.908064503
2.808,3.916433002
2.809,3.924715284
2.81,3.933022478
2.811,3.941350596
2.812,3.949073067
2.813,3.957373708
2.814,3.965136098
2.815,3.972730295
2.816,3.9810208
2.817,3.989040563
2.818,3.997133636
2.819,4.005429289
2.82,4.012984926
2.821,4.020847323
2.822,4.028967277
2.823,4.036756374
2.824,4.044524852
2.825,4.052229602
2.826,4.059892199
2.827,4.067541451
2.828,4.075706668
2.829,4.083480752
2.83,4.091633494
2.831,4.099391433
2.832,4.106781957
2.833,4.114322887
2.834,4.121231098
2.835,4.128029444
2.836,4.134624721
2.837,4.14206032
2.838,4.148766776
2.839,4.155825233
2.84,4.162856505
2.841,4.170773625
2.842,4.177875642
2.843,4.18468124
2.844,4.191708931
2.845,4.198545445
2.846,4.206006616
2.847,4.213314406
2.848,4.22037984
2.849,4.227574274
2.85,4.234805188
2.851,4.242071309
2.852,4.249126619
2.853,4.256729832
2.854,4.264153313
2.855,4.271422058
2.856,4.278543271
2.857,4.285484411
2.858,4.292493369
2.859,4.299248738
2.86,4.305692139
2.861,4.311933479
2.862,4.318264826
2.863,4.324680765
2.864,4.33117082
2.865,4.337365074
2.866,4.34347954
2.867,4.350131003
2.868,4.356556502
2.869,4.363085022
2.87,4.370211601
2.871,4.376383983
2.872,4.382541161
2.873,4.38927689
2.874,4.394954927
2.875,4.400868522
2.876,4.406341996
2.877,4.411632442
2.878,4.416738264
2.879,4.422033931
2.88,4.427369586
2.881,4.4322003
2.882,4.436768706
2.883,4.44195207
2.884,4.446596707
2.885,4.451941967
2.886,4.456689977
2.887,4.461594236
2.888,4.465919308
2.889,4.470180113
2.89,4.474366078
2.891,4.478380133
2.892,4.482211702
2.893,4.485954003
2.894,4.490225351
2.895,4.494054373
2.896,4.49732239
2.897,4.500635963
2.898,4.50476671
2.899,4.508022902
2.9,4.51122928
2.901,4.51465676
2.902,4.518581755
2.903,4.522072733
2.904,4.525866523
2.905,4.530403514
2.906,4.5344132
2.907,4.538947379
2.908,4.543650114
2.909,4.549084032
2.91,4.554560165
2.911,4.560008945
2.912,4.565661591
2.913,4.571599865
2.914,4.577808577
2.915,4.583068763
2.916,4.58804967
2.917,4.593081659
2.918,4.597118132
2.919,4.600235617
2.92,4.603561944
2.921,4.606799427
2.922,4.60962326
2.923,4.612982282
2.924,4.615813876
2.925,4.618648552
2.926,4.620603485
2.927,4.622752582
2.928,4.624702451
2.929,4.626577318
2.93,4.628148823
2.931,4.629619912
2.932,4.631133934
2.933,4.632789245
2.934,4.633978161
2.935,4.635510688
2.936,4.637147494
2.937,4.639024143
2.938,4.640433975
2.939,4.642013245
2.94,4.643585951
2.941,4.645005945
2.942,4.647091711
2.943,4.649337917
2.944,4.651589224
2.945,4.654019089
2.946,4.656906533
2.947,4.65983451
2.948,4.663020058
2.949,4.666224857
2.95,4.669074847
2.951,4.671789316
2.952,4.675360993
2.953,4.678634059
2.954,4.682086809
2.955,4.685259268
2.956,4.688259674
2.957,4.690877995
2.958,4.692981319
2.959,4.69562194
2.96,4.697674126
2.961,4.699473735
2.962,4.700662354
2.963,4.701963192
2.964,4.70315069
2.965,4.704819533
2.966,4.706075651
2.967,4.707471835
2.968,4.709148356
2.969,4.710048116
2.97,4.711992062
2.971,4.714109287
2.972,4.71618941
2.973,4.718181265
2.974,4.720427361
2.975,4.723207364
2.976,4.725720024
2.977,4.727485154
2.978,4.729284619
2.979,4.730767038
2.98,4.732361785
2.981,4.733919584
2.982,4.734965212
2.983,4.736204484
2.984,4.737691527
2.985,4.738811474
2.986,4.740027233
2.987,4.740505411
2.988,4.741709128
2.989,4.742374435
2.99,4.742436689
2.991,4.742589726
2.992,4.742333327
2.993,4.742118871
2.994,4.741782873
2.995,4.741344566
2.996,4.740717195
2.997,4.73999791
2.998,4.738830846
2.999,4.737669307
3,4.7359885
3.001,4.734190057
3.002,4.732074382
3.003,4.730028915
3.004,4.727951103
3.005,4.726310656
3.006,4.724562433
3.007,4.723432799
3.008,4.722489404
3.009,4.721839356
3.01,4.721169669
3.011,4.720211065
3.012,4.720028023
3.013,4.719526876
3.014,4.718929719
3.015,4.718539136
3.016,4.71806775
3.017,4.717903402
3.018,4.717462953
3.019,4.716345075
3.02,4.714837411
3.021,4.713401273
3.022,4.711661133
3.023,4.709482998
3.024,4.70707027
3.025,4.704898593
3.026,4.70220558
3.027,4.699817337
3.028,4.697062632
3.029,4.694201845
3.03,4.691753169
3.031,4.689297742
3.032,4.687306082
3.033,4.68505735
3.034,4.682410742
3.035,4.679847741
3.036,4.67741894
3.037,4.675437961
3.038,4.673539225
3.039,4.671083586
3.04,4.668486684
3.041,4.666230431
3.042,4.663862807
3.043,4.661016788
3.044,4.658337093
3.045,4.655222507
3.046,4.651814376
3.047,4.648739323
3.048,4.645774375
3.049,4.642870905
3.05,4.63989564
3.051,4.637131083
3.052,4.634152476
3.053,4.631207869
3.054,4.628077433
3.055,4.625729688
3.056,4.622998119
3.057,4.620340911
3.058,4.616984124
3.059,4.614504013
3.06,4.611716768
3.061,4.608424153
3.062,4.605171028
3.063,4.60156375
3.064,4.59806161
3.065,4.594786551
3.066,4.591391826
3.067,4.587834897
3.068,4.584435592
3.069,4.581104454
3.07,4.577587649
3.071,4.574477456
3.072,4.57099152
3.073,4.568171048
3.074,4.565243579
3.075,4.562418933
3.076,4.559178768
3.077,4.556014682
3.078,4.553170766
3.079,4.550284288
3.08,4.54712019
3.081,4.544065798
3.082,4.541076743
3.083,4.537611904
3.084,4.534371321
3.085,4.53123578
3.086,4.528355261
3.087,4.525265268
3.088,4.521885562
3.089,4.518292586
3.09,4.514908617
3.091,4.511589035
3.092,4.508335463
3.093,4.504870646
3.094,4.50176981
3.095,4.49860458
3.096,4.494991262
3.097,4.491512449
3.098,4.48805685
3.099,4.484789249
3.1,4.481189039
3.101,4.477308095
3.102,4.473568793
3.103,4.469466466
3.104,4.465193541
3.105,4.460851402
3.106,4.456350835
3.107,4.452396978
3.108,4.44799941
3.109,4.443588587
3.11,4.439228444
3.111,4.434263755
3.112,4.429773193
3.113,4.42540027
3.114,4.420944797
3.115,4.415908091
3.116,4.411211908
3.117,4.406412714
3.118,4.402026009
3.119,4.397325083
3.12,4.392564343
3.121,4.387885505
3.122,4.383260884
3.123,4.378100463
3.124,4.372972844
3.125,4.367827456
3.126,4.36269914
3.127,4.357752291
3.128,4.352366157
3.129,4.347139431
3.13,4.341943561
3.131,4.336215327
3.132,4.330776668
3.133,4.325091987
3.134,4.319402267
3.135,4.31359102
3.136,4.307861724
3.137,4.302102019
3.138,4.296219618
3.139,4.290027434
3.14,4.284086992
3.141,4.278183246
3.142,4.272516636
3.143,4.266780417
3.144,4.261178627
3.145,4.255769003
3.146,4.250068181
3.147,4.244302167
3.148,4.238935261
3.149,4.233432003
3.15,4.227749477
3.151,4.22229788
3.152,4.217304745
3.153,4.211954295
3.154,4.206380141
3.155,4.200701839
3.156,4.195284256
3.157,4.189780435
3.158,4.184206365
3.159,4.178870962
3.16,4.173395676
3.161,4.168016663
3.162,4.162574929
3.163,4.157299444
3.164,4.152072262
3.165,4.146889837
3.166,4.141068139
3.167,4.135382298
3.168,4.12991411
3.169,4.12450023
3.17,4.119009931
3.171,4.11367288
3.172,4.108297914
3.173,4.102850922
3.174,4.097571309
3.175,4.092332643
3.176,4.086955238
3.177,4.081488603
3.178,4.076088306
3.179,4.070503396
3.18,4.065246224
3.181,4.059764972
3.182,4.054687447
3.183,4.049638795
3.184,4.044452947
3.185,4.038996974
3.186,4.033733349
3.187,4.028720885
3.188,4.023207932
3.189,4.0180921
3.19,4.012608977
3.191,4.007480295
3.192,4.002174596
3.193,3.996839036
3.194,3.99130448
3.195,3.985757281
3.196,3.980279804
3.197,3.974721002
3.198,3.969118828
3.199,3.963829929
3.2,3.958367644
3.201,3.952804828
3.202,3.94731312
3.203,3.941921264
3.204,3.936769488
3.205,3.931244871
3.206,3.925950184
3.207,3.920523226
3.208,3.915263136
3.209,3.909900434
3.21,3.904320371
3.211,3.898764481
3.212,3.893307732
3.213,3.887784305
3.214,3.882062564
3.215,3.876464104
3.216,3.871099209
3.217,3.865571601
3.218,3.859682323
3.219,3.853987111
3.22,3.848372089
3.221,3.842855259
3.222,3.837060278
3.223,3.831229858
3.224,3.825515082
3.225,3.819823153
3.226,3.814235297
3.227,3.808523396
3.228,3.802809859
3.229,3.797260545
3.23,3.791560131
3.231,3.785627793
3.232,3.779857542
3.233,3.773818785
3.234,3.767780603
3.235,3.761794569
3.236,3.755837491
3.237,3.750004957
3.238,3.744215872
3.239,3.738657517
3.24,3.732857022
3.241,3.727314351
3.242,3.721508115
3.243,3.715696852
3.244,3.709968406
3.245,3.704408309
3.246,3.69869691
3.247,3.692743011
3.248,3.687381195
3.249,3.681871363
3.25,3.676044538
3.251,3.670716578
3.252,3.66517245
3.253,3.660205106
3.254,3.6547295
3.255,3.649467254
3.256,3.644022533
3.257,3.638568223
3.258,3.633805236
3.259,3.628856046
3.26,3.623499806
3.261,3.618209413
3.262,3.612914238
3.263,3.607745255
3.264,3.602406597
3.265,3.597263017
3.266,3.592447339
3.267,3.587425891
3.268,3.582289796
3.269,3.577412095
3.27,3.572557229
3.271,3.567670899
3.272,3.562468672
3.273,3.557093404
3.274,3.552029817
3.275,3.546984144
3.276,3.54187339
3.277,3.536856575
3.278,3.531881557
3.279,3.526993177
3.28,3.52198589
3.281,3.516859477
3.282,3.511610249
3.283,3.506649367
3.284,3.50161802
3.285,3.496865152
3.286,3.491834644
3.287,3.486758414
3.288,3.481706884
3.289,3.476769652
3.29,3.471828278
3.291,3.466867887
3.292,3.462080175
3.293,3.457230462
3.294,3.452346107
3.295,3.447364712
3.296,3.442295531
3.297,3.437420168
3.298,3.432565351
3.299,3.427732207
3.3,3.422933039
3.301,3.418218351
3.302,3.413408144
3.303,3.408991842
3.304,3.404406428
3.305,3.399599532
3.306,3.394996785
3.307,3.390416749
3.308,3.385865686
3.309,3.381297453
3.31,3.376913039
3.311,3.372414096
3.312,3.367817386
3.313,3.363398923
3.314,3.358714083
3.315,3.354305774
3.316,3.349820202
3.317,3.345628771
3.318,3.341344209
3.319,3.336912997
3.32,3.332666409
3.321,3.328483128
3.322,3.324352871
3.323,3.320248817
3.324,3.316012334
3.325,3.31188546
3.326,3.307737453
3.327,3.303694705
3.328,3.299715346
3.329,3.295541179
3.33,3.291429461
3.331,3.287436127
3.332,3.283499408
3.333,3.279545032
3.334,3.275391821
3.335,3.271195951
3.336,3.267122658
3.337,3.262914803
3.338,3.258816844
3.339,3.254564421
3.34,3.250327669
3.341,3.246111574
3.342,3.242013234
3.343,3.237839157
3.344,3.23373255
3.345,3.229543869
3.346,3.225312494
3.347,3.220887179
3.348,3.216926484
3.349,3.212773149
3.35,3.208849292
3.351,3.204565009
3.352,3.200534281
3.353,3.196372185
3.354,3.191970223
3.355,3.187912702
3.356,3.183779414
3.357,3.179437567
3.358,3.175256027
3.359,3.171068751
3.36,3.167184058
3.361,3.16310837
3.362,3.159117926
3.363,3.155059766
3.364,3.15110957
3.365,3.147365772
3.366,3.143757235
3.367,3.140110606
3.368,3.136377619
3.369,3.132832992
3.37,3.129235122
3.371,3.125882131
3.372,3.122216976
3.373,3.118774921
3.374,3.115374088
3.375,3.11197929
3.376,3.108462257
3.377,3.105218498
3.378,3.101792199
3.379,3.098353047
3.38,3.095389824
3.381,3.091727427
3.382,3.088453901
3.383,3.085210165
3.384,3.081918929
3.385,3.078804562
3.386,3.075572233
3.387,3.07246909
3.388,3.069317144
3.389,3.066273801
3.39,3.062934635
3.391,3.059742656
3.392,3.056679178
3.393,3.053431417
3.394,3.050445046
3.395,3.046963971
3.396,3.043627319
3.397,3.040503112
3.398,3.037289126
3.399,3.034047935
3.4,3.030927972
3.401,3.027784435
3.402,3.024731527
3.403,3.021832684
3.404,3.018511084
3.405,3.015451843
3.406,3.012405825
3.407,3.00919753
3.408,3.006183099
3.409,3.00319374
3.41,3.000135367
3.411,2.997185776
3.412,2.994197429
3.413,2.991263266
3.414,2.98819997
3.415,2.985224968
3.416,2.98226355
3.417,2.97914676
3.418,2.976213095
3.419,2.973380845
3.42,2.97035973
3.421,2.967481918
3.422,2.964665616
3.423,2.961870463
3.424,2.959101647
3.425,2.956564039
3.426,2.954056283
3.427,2.951357725
3.428,2.948648959
3.429,2.946092729
3.43,2.943328591
3.431,2.940749433
3.432,2.938180313
3.433,2.935847323
3.434,2.933152651
3.435,2.930677332
3.436,2.928456077
3.437,2.925986965
3.438,2.923818775
3.439,2.921694137
3.44,2.919542264
3.441,2.917352587
3.442,2.915216096
3.443,2.913133754
3.444,2.91099102
3.445,2.908971069
3.446,2.906879271
3.447,2.905160384
3.448,2.903336359
3.449,2.901762484
3.45,2.899888528
3.451,2.898258458
3.452,2.896346118
3.453,2.894625625
3.454,2.892800046
3.455,2.891382732
3.456,2.88955895
3.457,2.887886918
3.458,2.886249253
3.459,2.884624067
3.46,2.883139949
3.461,2.881606614
3.462,2.87982638
3.463,2.878224286
3.464,2.876899431
3.465,2.875385079
3.466,2.874044463
3.467,2.87274041
3.468,2.87142526
3.469,2.870275937
3.47,2.868989215
3.471,2.867761073
3.472,2.866419735
3.473,2.865258144
3.474,2.864173006
3.475,2.862963938
3.476,2.861762995
3.477,2.860874636
3.478,2.859962459
3.479,2.859011154
3.48,2.858185333
3.481,2.857089556
3.482,2.856329467
3.483,2.85558385
3.484,2.854775534
3.485,2.853968986
3.486,2.853162105
3.487,2.852478707
3.488,2.851631321
3.489,2.851190715
3.49,2.850648365
3.491,2.850147186
3.492,2.849405936
3.493,2.84886546
3.494,2.848536255
3.495,2.848050376
3.496,2.847507062
3.497,2.847206214
3.498,2.846656568
3.499,2.846089658
3.5,2.845571648
3.501,2.845076942
3.502,2.844562369
3.503,2.844277785
3.504,2.843846725
3.505,2.84357758
3.506,2.843240518
3.507,2.842894741
3.508,2.842277785
3.509,2.841966118
3.51,2.841752748
3.511,2.841668246
3.512,2.841567258
3.513,2.841343395
3.514,2.841110743
3.515,2.840917747
3.516,2.840656766
3.517,2.840577714
3.518,2.840450726
3.519,2.84059679
3.52,2.840420222
3.521,2.840463887
3.522,2.840533773
3.523,2.840714698
3.524,2.840872184
3.525,2.840967721
3.526,2.841080205
3.527,2.84137498
3.528,2.84175119
3.529,2.842172307
3.53,2.842512453
3.531,2.842745426
3.532,2.843087487
3.533,2.843572551
3.534,2.843799679
3.535,2.844634177
3.536,2.845097396
3.537,2.84562571
3.538,2.846100808
3.539,2.846720092
3.54,2.847516975
3.541,2.848354525
3.542,2.849231452
3.543,2.849914327
3.544,2.850651173
3.545,2.851737889
3.546,2.852743935
3.547,2.854006207
3.548,2.854978689
3.549,2.856105768
3.55,2.857126689
3.551,2.858493709
3.552,2.859745135
3.553,2.860947232
3.554,2.862187024
3.555,2.863687611
3.556,2.865350938
3.557,2.866716761
3.558,2.868286179
3.559,2.869928705
3.56,2.871501741
3.561,2.87315357
3.562,2.874662521
3.563,2.876561975
3.564,2.878201172
3.565,2.879736143
3.566,2.881251483
3.567,2.883095269
3.568,2.884621739
3.569,2.886351184
3.57,2.888117681
3.571,2.88991914
3.572,2.891476905
3.573,2.893155697
3.574,2.895131847
3.575,2.897044928
3.576,2.898860176
3.577,2.900795542
3.578,2.902669047
3.579,2.904691635
3.58,2.906481405
3.581,2.908558262
3.582,2.910700743
3.583,2.912657972
3.584,2.914797617
3.585,2.916957548
3.586,2.918853192
3.587,2.920887805
3.588,2.923095015
3.589,2.925036766
3.59,2.926872341
3.591,2.929086916
3.592,2.93133512
3.593,2.933511422
3.594,2.935485099
3.595,2.937648304
3.596,2.939964931
3.597,2.9421933
3.598,2.944220971
3.599,2.946212364
3.6,2.948394547
3.601,2.95061248
3.602,2.952810209
3.603,2.955159138
3.604,2.957471056
3.605,2.959863771
3.606,2.962167447
3.607,2.964757448
3.608,2.966986977
3.609,2.969415316
3.61,2.97177587
3.611,2.97429759
3.612,2.976670843
3.613,2.979107646
3.614,2.981634417
3.615,2.984010672
3.616,2.98643652
3.617,2.988936807
3.618,2.991447949
3.619,2.993937469
3.62,2.996393731
3.621,2.998878895
3.622,3.00132219
3.623,3.003851057
3.624,3.006400035
3.625,3.008891868
3.626,3.011684752
3.627,3.014269608
3.628,3.017115002
3.629,3.01982124
3.63,3.022429982
3.631,3.025111801
3.632,3.027908258
3.633,3.030535724
3.634,3.033343348
3.635,3.036153368
3.636,3.038803339
3.637,3.041611321
3.638,3.044422512
3.639,3.04736725
3.64,3.050330487
3.641,3.053259574
3.642,3.056133148
3.643,3.05930901
3.644,3.06236464
3.645,3.065355826
3.646,3.068365374
3.647,3.071431437
3.648,3.074403436
3.649,3.07757169
3.65,3.080685525
3.651,3.083973562
3.652,3.08705481
3.653,3.090189101
3.654,3.093331258
3.655,3.096547634
3.656,3.099956581
3.657,3.103019727
3.658,3.106495518
3.659,3.109900702
3.66,3.113114635
3.661,3.116631524
3.662,3.119955889
3.663,3.123289052
3.664,3.126817345
3.665,3.130274528
3.666,3.13380174
3.667,3.13707214
3.668,3.140367914
3.669,3.143966891
3.67,3.147429753
3.671,3.150782279
3.672,3.154301411
3.673,3.157581158
3.674,3.160728723
3.675,3.164053488
3.676,3.167661129
3.677,3.171226515
3.678,3.174832737
3.679,3.178510285
3.68,3.182075691
3.681,3.185480003
3.682,3.189000922
3.683,3.192250124
3.684,3.19588299
3.685,3.199280796
3.686,3.202604152
3.687,3.206269469
3.688,3.209703638
3.689,3.213364352
3.69,3.216676442
3.691,3.220203309
3.692,3.223648379
3.693,3.227093989
3.694,3.230625097
3.695,3.234187993
3.696,3.237770296
3.697,3.241265368
3.698,3.24495138
3.699,3.248592167
3.7,3.251901754
3.701,3.255296472
3.702,3.258576063
3.703,3.262173619
3.704,3.265322876
3.705,3.269097388
3.706,3.272579679
3.707,3.275925683
3.708,3.279509167
3.709,3.282950104
3.71,3.286424161
3.711,3.289935972
3.712,3.293580599
3.713,3.297109356
3.714,3.300588148
3.715,3.304185274
3.716,3.30769089
3.717,3.311140002
3.718,3.314743964
3.719,3.318162104
3.72,3.321604093
3.721,3.325181882
3.722,3.328763313
3.723,3.332356635
3.724,3.335921837
3.725,3.339436387
3.726,3.342970592
3.727,3.346380088
3.728,3.349972998
3.729,3.353217809
3.73,3.35657515
3.731,3.360124376
3.732,3.363594483
3.733,3.367087969
3.734,3.37061291
3.735,3.374098537
3.736,3.377515155
3.737,3.381012884
3.738,3.384546861
3.739,3.388381098
3.74,3.39200762
3.741,3.395667198
3.742,3.39935946
3.743,3.402730299
3.744,3.406308562
3.745,3.409658947
3.746,3.413471293
3.747,3.417064587
3.748,3.420583888
3.749,3.424331973
3.75,3.42790984
3.751,3.43133932
3.752,3.435093757
3.753,3.438711402
3.754,3.442175261
3.755,3.44568822
3.756,3.449207679
3.757,3.45272058
3.758,3.45643396
3.759,3.459826932
3.76,3.463548369
3.761,3.467058084
3.762,3.470803405
3.763,3.474282921
3.764,3.478012853
3.765,3.481598584
3.766,3.485155541
3.767,3.488716594
3.768,3.492417361
3.769,3.495776667
3.77,3.499378187
3.771,3.503145754
3.772,3.506810343
3.773,3.510453122
3.774,3.51426151
3.775,3.518043119
3.776,3.52157564
3.777,3.525202138
3.778,3.528774651
3.779,3.53215794
3.78,3.535647332
3.781,3.539303987
3.782,3.542651042
3.783,3.546156815
3.784,3.549883864
3.785,3.553199813
3.786,3.556584859
3.787,3.560186576
3.788,3.56340524
3.789,3.566798885
3.79,3.570202202
3.791,3.573667019
3.792,3.577264437
3.793,3.580798864
3.794,3.584133364
3.795,3.587322494
3.796,3.590695474
3.797,3.594196183
3.798,3.597663587
3.799,3.60109674
3.8,3.604183683
3.801,3.607492226
3.802,3.610730668
3.803,3.614062264
3.804,3.617166316
3.805,3.620345796
3.806,3.623532063
3.807,3.626817235
3.808,3.629757934
3.809,3.63300499
3.81,3.636195488
3.811,3.639384988
3.812,3.642434674
3.813,3.645249633
3.814,3.648281224
3.815,3.651305719
3.816,3.654299535
3.817,3.657489201
3.818,3.660304818
3.819,3.663240712
3.82,3.666384822
3.821,3.669533091
3.822,3.672547867
3.823,3.675582346
3.824,3.678542657
3.825,3.681354668
3.826,3.684420199
3.827,3.687297475
3.828,3.69022014
3.829,3.693157776
3.83,3.696190378
3.831,3.699155554
3.832,3.701931257
3.833,3.705031489
3.834,3.707841819
3.835,3.710653726
3.836,3.713703356
3.837,3.716402161
3.838,3.719329006
3.839,3.722296697
3.84,3.725216835
3.841,3.727960374
3.842,3.73073668
3.843,3.733559347
3.844,3.73633894
3.845,3.739306666
3.846,3.742266169
3.847,3.745004116
3.848,3.747776018
3.849,3.750538445
3.85,3.753492751
3.851,3.756150503
3.852,3.758969689
3.853,3.761918168
3.854,3.764603539
3.855,3.767348162
3.856,3.770120877
3.857,3.772985445
3.858,3.775545264
3.859,3.778555604
3.86,3.781297256
3.861,3.784085677
3.862,3.786887064
3.863,3.789437378
3.864,3.79212163
3.865,3.794837158
3.866,3.797577071
3.867,3.800246982
3.868,3.802850202
3.869,3.805509579
3.87,3.80827792
3.871,3.810938766
3.872,3.81365056
3.873,3.816388254
3.874,3.818993474
3.875,3.821467757
3.876,3.824048865
3.877,3.82650942
3.878,3.829141679
3.879,3.83181155
3.88,3.834180018
3.881,3.836702765
3.882,3.839125923
3.883,3.841544763
3.884,3.844237032
3.885,3.846484158
3.886,3.848905007
3.887,3.851269756
3.888,3.8535561
3.889,3.855865373
3.89,3.858337706
3.891,3.860734688
3.892,3.863061065
3.893,3.865440723
3.894,3.867467219
3.895,3.869523428
3.896,3.87184489
3.897,3.873932699
3.898,3.876324564
3.899,3.878534588
3.9,3.880701984
3.901,3.882786678
3.902,3.884793629
3.903,3.886800037
3.904,3.888866543
3.905,3.891111246
3.906,3.893206497
3.907,3.895295405
3.908,3.897154358
3.909,3.899145779
3.91,3.901102452
3.911,3.902968241
3.912,3.904968586
3.913,3.906880379
3.914,3.90867094
3.915,3.910659009
3.916,3.912456384
3.917,3.914509679
3.918,3.916185876
3.919,3.917955617
3.92,3.91984712
3.921,3.921623743
3.922,3.923339043
3.923,3.925009379
3.924,3.926877108
3.925,3.92868861
3.926,3.930353385
3.927,3.931938926
3.928,3.933523264
3.929,3.934877622
3.93,3.936539671
3.931,3.938276673
3.932,3.939796335
3.933,3.941228783
3.934,3.942784493
3.935,3.94422349
3.936,3.945819737
3.937,3.94720369
3.938,3.948622921
3.939,3.950002355
3.94,3.95128236
3.941,3.95263167
3.942,3.954022623
3.943,3.955293954
3.944,3.956690194
3.945,3.957893072
3.946,3.95926035
3.947,3.960501992
3.948,3.961539617
3.949,3.962801038
3.95,3.963905889
3.951,3.965197627
3.952,3.966462113
3.953,3.967592836
3.954,3.968625933
3.955,3.969811363
3.956,3.970875959
3.957,3.971870885
3.958,3.973018642
3.959,3.974167062
3.96,3.975297874
3.961,3.976238974
3.962,3.977376644
3.963,3.978449956
3.964,3.97928214
3.965,3.980413677
3.966,3.981600115
3.967,3.982602942
3.968,3.983629524
3.969,3.984352387
3.97,3.985098559
3.971,3.986051357
3.972,3.986928679
3.973,3.987515059
3.974,3.988330258
3.975,3.989271895
3.976,3.990207339
3.977,3.990977674
3.978,3.991822623
3.979,3.992586161
3.98,3.993164067
3.981,3.993736679
3.982,3.994409039
3.983,3.995052435
3.984,3.99574685
3.985,3.996466327
3.986,3.997170466
3.987,3.997482102
3.988,3.998158284
3.989,3.998539864
3.99,3.999065656
3.991,3.999377502
3.992,3.999721424
3.993,4.000150676
3.994,4.000509637
3.995,4.000811164
3.996,4.001199283
3.997,4.001535693
3.998,4.001750327
3.999,4.001867718